PositionX,PositionY,PositionZ,RotationX,RotationY,RotationZ,1,1,1,1
-10.34,0.75,27.92,0.00,90.00,0.00
-10.34,0.75,27.92,0.00,90.00,0.00
-10.34,0.75,27.92,0.00,90.00,0.00
-10.34,0.75,27.92,0.00,90.00,0.00
-10.34,0.75,27.92,0.00,90.00,0.00
-10.34,0.75,27.92,0.00,90.00,0.00
-10.34,0.75,27.92,0.00,90.00,0.00
-10.34,0.75,27.92,0.00,90.00,0.00
-10.34,0.75,27.92,0.00,90.00,0.00
-10.34,0.75,27.92,0.00,90.00,0.00
-10.34,0.75,27.92,0.00,90.00,0.00
-10.34,0.75,27.92,0.00,90.00,0.00
-10.34,0.75,27.92,0.00,90.00,0.00
-10.34,0.75,27.92,0.00,90.00,0.00
-10.34,0.75,27.92,0.00,90.00,0.00
-10.34,0.75,27.92,0.00,90.00,0.00
-10.34,0.75,27.92,0.00,90.00,0.00
-10.34,0.75,27.92,0.00,90.00,0.00
-10.34,0.75,27.92,0.00,90.00,0.00
-10.34,0.75,27.92,0.00,90.00,0.00
-10.34,0.75,27.92,0.00,90.00,0.00
-10.34,0.75,27.92,0.00,90.00,0.00
-10.34,0.75,27.92,0.00,90.00,0.00
-10.34,0.75,27.92,0.00,90.00,0.00
-10.34,0.75,27.92,0.00,90.00,0.00
-10.34,0.75,27.92,0.00,90.00,0.00
-10.34,0.75,27.92,0.00,90.00,0.03
-10.33,0.75,27.92,0.00,89.99,0.03
-10.33,0.75,27.92,0.00,89.99,0.03
-10.32,0.75,27.92,0.00,89.99,0.03
-10.32,0.75,27.92,0.00,89.99,0.03
-10.31,0.75,27.92,0.00,89.99,0.03
-10.30,0.75,27.92,0.00,89.98,0.03
-10.29,0.75,27.92,0.00,89.98,0.03
-10.28,0.75,27.92,0.00,89.98,0.03
-10.27,0.75,27.92,0.00,89.98,0.03
-10.25,0.75,27.92,0.00,89.98,0.03
-10.24,0.75,27.93,0.00,89.97,0.03
-10.22,0.75,27.93,0.00,89.97,0.03
-10.20,0.75,27.93,0.00,89.97,0.03
-10.18,0.75,27.93,0.00,89.97,0.03
-10.16,0.75,27.93,0.00,89.97,0.03
-10.14,0.75,27.93,0.00,89.97,0.03
-10.12,0.75,27.93,0.00,89.96,0.03
-10.09,0.75,27.93,0.00,89.96,0.03
-10.07,0.75,27.93,0.00,89.96,0.03
-10.04,0.75,27.93,0.00,90.23,0.03
-10.01,0.75,27.93,0.00,90.51,0.03
-9.98,0.75,27.93,0.00,90.81,0.03
-9.95,0.75,27.93,0.00,91.12,0.03
-9.92,0.75,27.93,0.00,91.44,0.03
-9.88,0.75,27.93,0.00,91.77,0.03
-9.85,0.75,27.93,0.00,92.12,0.03
-9.81,0.75,27.93,0.00,92.12,0.03
-9.78,0.75,27.93,0.00,92.12,0.03
-9.74,0.75,27.93,0.00,92.11,0.03
-9.70,0.75,27.93,0.00,92.11,0.03
-9.66,0.75,27.93,0.00,92.11,0.03
-9.61,0.75,27.93,0.00,92.11,0.03
-9.57,0.75,27.92,0.00,92.11,0.03
-9.52,0.75,27.92,0.00,92.10,0.03
-9.48,0.75,27.92,0.00,92.10,0.03
-9.43,0.75,27.92,0.00,92.10,0.03
-9.38,0.75,27.92,0.00,92.10,0.03
-9.33,0.75,27.92,0.00,92.10,0.03
-9.28,0.75,27.92,0.00,92.10,0.03
-9.23,0.75,27.92,0.00,92.09,0.03
-9.17,0.75,27.92,0.00,92.09,0.03
-9.12,0.75,27.91,0.00,92.65,0.03
-9.06,0.75,27.91,0.00,93.21,0.03
-9.00,0.75,27.91,0.00,93.79,0.03
-8.94,0.75,27.91,0.00,94.38,0.03
-8.88,0.75,27.91,0.00,94.99,0.03
-8.82,0.75,27.91,0.00,95.61,0.03
-8.76,0.75,27.90,0.00,95.61,0.03
-8.69,0.75,27.90,0.00,95.60,0.03
-8.63,0.75,27.90,0.00,95.60,0.03
-8.56,0.75,27.89,0.00,95.60,0.03
-8.49,0.75,27.89,0.00,95.60,0.03
-8.42,0.75,27.89,0.00,95.59,0.03
-8.35,0.75,27.88,0.00,95.59,0.03
-8.28,0.75,27.88,0.00,95.59,0.03
-8.20,0.75,27.87,0.00,95.59,0.03
-8.13,0.75,27.87,0.00,95.59,0.03
-8.05,0.75,27.86,0.00,96.35,0.03
-7.98,0.75,27.86,0.00,97.12,0.03
-7.90,0.75,27.85,0.00,97.90,0.03
-7.82,0.75,27.85,0.00,98.70,0.03
-7.74,0.75,27.84,0.00,99.51,0.03
-7.66,0.75,27.83,0.00,99.51,0.03
-7.57,0.75,27.82,0.00,99.51,0.03
-7.49,0.75,27.82,0.00,99.51,0.03
-7.40,0.75,27.81,0.00,99.50,0.03
-7.31,0.75,27.80,0.00,99.50,0.03
-7.23,0.75,27.79,0.00,99.50,0.03
-7.14,0.75,27.78,0.00,99.50,0.03
-7.05,0.75,27.77,0.00,99.50,0.03
-6.95,0.75,27.76,0.00,99.49,0.03
-6.86,0.75,27.75,0.00,99.49,0.03
-6.76,0.75,27.74,0.00,99.49,0.03
-6.67,0.75,27.73,0.00,99.49,0.03
-6.57,0.75,27.71,0.00,99.49,0.03
-6.47,0.75,27.70,0.00,100.48,0.03
-6.37,0.75,27.69,0.00,101.48,0.03
-6.27,0.75,27.67,0.00,102.50,0.03
-6.17,0.75,27.66,0.00,103.52,0.03
-6.07,0.75,27.65,0.00,104.57,0.03
-5.96,0.75,27.63,0.00,105.62,0.03
-5.86,0.75,27.62,0.00,105.62,0.03
-5.75,0.75,27.60,0.00,105.61,0.03
-5.64,0.75,27.58,0.00,105.61,0.03
-5.53,0.75,27.56,0.00,105.61,0.03
-5.42,0.75,27.54,0.00,105.61,0.03
-5.31,0.75,27.52,0.00,105.60,0.03
-5.20,0.75,27.50,0.00,105.60,0.03
-5.09,0.75,27.48,0.00,105.60,0.03
-4.97,0.75,27.46,0.00,105.60,0.03
-4.85,0.75,27.44,0.00,105.59,0.03
-4.74,0.75,27.41,0.00,105.59,0.03
-4.62,0.75,27.39,0.00,105.59,0.03
-4.50,0.75,27.37,0.00,105.59,0.03
-4.38,0.75,27.34,0.00,105.59,0.03
-4.26,0.75,27.32,0.00,105.58,0.03
-4.13,0.75,27.29,0.00,105.58,0.03
-4.01,0.75,27.26,0.00,105.58,0.03
-3.88,0.75,27.23,0.00,105.58,0.03
-3.76,0.75,27.21,0.00,105.57,0.03
-3.63,0.75,27.18,0.00,105.57,0.03
-3.50,0.75,27.15,0.00,105.57,0.03
-3.37,0.75,27.12,0.00,105.57,0.03
-3.24,0.75,27.09,0.00,105.57,0.03
-3.11,0.75,27.06,0.00,105.56,0.03
-2.97,0.75,27.03,0.00,105.56,0.03
-2.84,0.75,27.00,0.00,105.56,0.03
-2.70,0.75,26.96,0.00,105.56,0.03
-2.56,0.75,26.93,0.00,105.56,0.03
-2.43,0.75,26.90,0.00,106.98,0.03
-2.29,0.75,26.86,0.00,108.42,0.03
-2.14,0.75,26.83,0.00,109.87,0.03
-2.00,0.75,26.80,0.00,111.33,0.03
-1.86,0.75,26.76,0.00,112.80,0.03
-1.71,0.75,26.72,0.00,114.29,0.03
-1.57,0.75,26.69,0.00,114.29,0.03
-1.42,0.75,26.65,0.00,114.28,0.03
-1.28,0.75,26.61,0.00,114.28,0.03
-1.13,0.75,26.56,0.00,114.28,0.03
-0.98,0.75,26.52,0.00,114.28,0.03
-0.83,0.75,26.48,0.00,114.27,0.03
-0.68,0.75,26.43,0.00,114.27,0.03
-0.53,0.75,26.39,0.00,114.27,0.03
-0.37,0.75,26.34,0.00,114.27,0.03
-0.22,0.75,26.29,0.00,114.26,0.03
-0.06,0.75,26.24,0.00,114.26,0.03
0.09,0.75,26.19,0.00,114.26,0.03
0.25,0.75,26.14,0.00,114.26,0.03
0.41,0.75,26.09,0.00,114.25,0.03
0.57,0.75,26.04,0.00,114.25,0.03
0.73,0.75,25.99,0.00,114.25,0.03
0.89,0.75,25.93,0.00,114.25,0.03
1.05,0.75,25.88,0.00,114.24,0.03
1.21,0.75,25.82,0.00,115.97,0.03
1.38,0.75,25.76,0.00,117.70,0.03
1.54,0.75,25.70,0.00,119.45,0.03
1.71,0.75,25.64,0.00,121.21,0.03
1.87,0.75,25.58,0.00,121.21,0.03
2.04,0.75,25.52,0.00,121.21,0.03
2.21,0.75,25.46,0.00,121.20,0.03
2.38,0.75,25.39,0.00,121.20,0.03
2.55,0.75,25.33,0.00,121.20,0.03
2.72,0.75,25.26,0.00,121.19,0.03
2.89,0.75,25.19,0.00,121.19,0.03
3.06,0.75,25.12,0.00,121.19,0.03
3.24,0.75,25.05,0.00,121.19,0.03
3.41,0.75,24.98,0.00,121.18,0.03
3.58,0.75,24.90,0.00,121.18,0.03
3.76,0.75,24.83,0.00,121.18,0.03
3.94,0.75,24.75,0.00,121.18,0.03
4.11,0.75,24.67,0.00,121.17,0.03
4.29,0.75,24.59,0.00,121.17,0.03
4.47,0.75,24.51,0.00,121.17,0.03
4.65,0.75,24.43,0.00,121.16,0.03
4.83,0.75,24.35,0.00,121.16,0.03
5.01,0.75,24.27,0.00,121.16,0.03
5.19,0.75,24.18,0.00,121.16,0.03
5.37,0.75,24.10,0.00,121.15,0.03
5.55,0.75,24.02,0.00,121.15,0.03
5.73,0.75,23.93,0.00,121.15,0.03
5.91,0.75,23.85,0.00,121.15,0.03
6.09,0.75,23.76,0.00,121.14,0.03
6.27,0.75,23.68,0.00,121.14,0.03
6.45,0.75,23.59,0.00,121.14,0.03
6.63,0.75,23.51,0.00,121.14,0.03
6.81,0.75,23.42,0.00,121.13,0.03
6.98,0.75,23.33,0.00,121.13,0.03
7.16,0.75,23.25,0.00,121.13,0.03
7.34,0.75,23.16,0.00,121.13,0.03
7.51,0.75,23.07,0.00,121.13,0.03
7.69,0.75,22.98,0.00,121.12,0.03
7.87,0.75,22.89,0.00,121.12,0.03
8.05,0.75,22.81,0.00,121.12,0.03
8.22,0.75,22.72,0.00,123.10,0.03
8.40,0.75,22.63,0.00,125.10,0.03
8.58,0.75,22.54,0.00,127.10,0.03
8.76,0.75,22.45,0.00,129.06,0.03
8.93,0.75,22.36,0.00,129.06,0.03
9.11,0.75,22.26,0.00,129.06,0.03
9.28,0.75,22.17,0.00,129.05,0.03
9.46,0.75,22.08,0.00,129.05,0.03
9.63,0.75,21.98,0.00,129.05,0.03
9.81,0.75,21.89,0.00,129.04,0.03
9.98,0.75,21.79,0.00,129.04,0.03
10.16,0.75,21.70,0.00,129.04,0.03
10.33,0.75,21.60,0.00,129.04,0.03
10.50,0.75,21.50,0.00,129.03,0.03
10.67,0.75,21.40,0.00,129.03,0.03
10.85,0.75,21.30,0.00,129.03,0.03
11.02,0.75,21.20,0.00,129.02,0.03
11.19,0.75,21.10,0.00,129.02,0.03
11.36,0.75,21.00,0.00,129.02,0.03
11.53,0.75,20.90,0.00,129.02,0.03
11.70,0.75,20.80,0.00,129.01,0.03
11.87,0.75,20.70,0.00,129.01,0.03
12.04,0.75,20.60,0.00,129.01,0.03
12.21,0.75,20.49,0.00,129.00,0.03
12.38,0.75,20.39,0.00,129.00,0.03
12.55,0.75,20.29,0.00,129.00,0.03
12.72,0.75,20.18,0.00,129.00,0.03
12.88,0.75,20.08,0.00,128.99,0.03
13.05,0.75,19.97,0.00,128.99,0.03
13.22,0.75,19.87,0.00,130.97,0.03
13.39,0.75,19.76,0.00,132.96,0.03
13.55,0.75,19.65,0.00,134.97,0.03
13.72,0.75,19.54,0.00,136.93,0.03
13.88,0.75,19.44,0.00,138.89,0.03
14.05,0.75,19.33,0.00,140.87,0.03
14.22,0.75,19.22,0.00,142.86,0.03
14.38,0.75,19.10,0.00,142.86,0.03
14.54,0.75,18.99,0.00,142.85,0.03
14.70,0.75,18.88,0.00,142.85,0.03
14.86,0.75,18.77,0.00,142.85,0.03
15.03,0.75,18.65,0.00,142.84,0.03
15.19,0.75,18.53,0.00,142.84,0.03
15.35,0.75,18.41,0.00,142.84,0.03
15.50,0.75,18.29,0.00,142.83,0.03
15.66,0.75,18.17,0.00,142.83,0.03
15.82,0.75,18.05,0.00,142.83,0.03
15.97,0.75,17.93,0.00,142.82,0.03
16.13,0.75,17.80,0.00,142.82,0.03
16.28,0.75,17.68,0.00,142.81,0.03
16.44,0.75,17.56,0.00,144.78,0.03
16.59,0.75,17.43,0.00,146.76,0.03
16.74,0.75,17.31,0.00,148.74,0.03
16.90,0.75,17.18,0.00,150.74,0.03
17.04,0.75,17.05,0.00,152.69,0.03
17.19,0.75,16.92,0.00,154.65,0.03
17.34,0.75,16.79,0.00,154.64,0.03
17.49,0.75,16.66,0.00,154.64,0.03
17.63,0.75,16.52,0.00,154.63,0.03
17.78,0.75,16.39,0.00,154.63,0.03
17.92,0.75,16.25,0.00,154.62,0.03
18.06,0.75,16.11,0.00,154.62,0.03
18.20,0.75,15.97,0.00,154.61,0.03
18.34,0.75,15.83,0.00,154.61,0.03
18.48,0.75,15.69,0.00,154.61,0.03
18.62,0.75,15.55,0.00,154.60,0.03
18.76,0.75,15.40,0.00,154.60,0.03
18.90,0.75,15.25,0.00,154.59,0.03
19.03,0.75,15.10,0.00,154.59,0.03
19.17,0.75,14.94,0.00,154.59,0.03
19.31,0.75,14.79,0.00,156.33,0.03
19.45,0.75,14.62,0.00,158.09,0.03
19.58,0.75,14.46,0.00,159.87,0.03
19.72,0.75,14.29,0.00,161.66,0.03
19.86,0.75,14.12,0.00,163.48,0.03
19.99,0.75,13.95,0.00,165.31,0.03
20.13,0.75,13.77,0.00,165.30,0.03
20.26,0.75,13.60,0.00,165.30,0.03
20.40,0.75,13.41,0.00,165.29,0.03
20.53,0.75,13.23,0.00,165.29,0.03
20.66,0.75,13.04,0.00,165.28,0.03
20.79,0.75,12.85,0.00,165.28,0.03
20.92,0.75,12.65,0.00,165.28,0.03
21.05,0.75,12.45,0.00,165.27,0.03
21.18,0.75,12.25,0.00,165.27,0.03
21.31,0.75,12.05,0.00,165.26,0.03
21.43,0.75,11.85,0.00,165.26,0.03
21.56,0.75,11.65,0.00,165.26,0.03
21.68,0.75,11.44,0.00,165.25,0.03
21.80,0.75,11.24,0.00,165.25,0.03
21.93,0.75,11.04,0.00,165.24,0.03
22.05,0.75,10.83,0.00,165.24,0.03
22.16,0.75,10.63,0.00,167.20,0.03
22.28,0.75,10.42,0.00,169.18,0.03
22.40,0.75,10.21,0.00,171.17,0.03
22.52,0.75,10.00,0.00,173.18,0.03
22.63,0.75,9.79,0.00,175.15,0.03
22.74,0.75,9.58,0.00,177.14,0.03
22.86,0.75,9.37,0.00,179.14,0.03
22.97,0.75,9.16,0.00,179.14,0.03
23.07,0.75,8.94,0.00,179.13,0.03
23.18,0.75,8.73,0.00,179.13,0.03
23.28,0.75,8.51,0.00,179.12,0.03
23.38,0.75,8.30,0.00,179.12,0.03
23.48,0.75,8.08,0.00,179.11,0.03
23.58,0.75,7.86,0.00,179.11,0.03
23.68,0.75,7.64,0.00,179.10,0.03
23.77,0.75,7.43,0.00,179.10,0.03
23.86,0.75,7.20,0.00,179.09,0.03
23.95,0.75,6.98,0.00,179.09,0.03
24.04,0.75,6.76,0.00,179.08,0.03
24.13,0.75,6.54,0.00,179.08,0.03
24.22,0.75,6.31,0.00,179.07,0.03
24.30,0.75,6.09,0.00,179.07,0.03
24.39,0.75,5.87,0.00,179.06,0.03
24.47,0.75,5.64,0.00,179.06,0.03
24.55,0.75,5.42,0.00,179.06,0.03
24.63,0.75,5.19,0.00,179.05,0.03
24.70,0.75,4.97,0.00,179.05,0.03
24.78,0.75,4.74,0.00,179.04,0.03
24.85,0.75,4.52,0.00,179.04,0.03
24.93,0.75,4.29,0.00,179.04,0.03
25.00,0.75,4.06,0.00,179.03,0.03
25.07,0.75,3.83,0.00,179.03,0.03
25.14,0.75,3.60,0.00,179.02,0.03
25.21,0.75,3.37,0.00,179.02,0.03
25.27,0.75,3.14,0.00,179.02,0.03
25.34,0.75,2.91,0.00,179.01,0.03
25.40,0.75,2.68,0.00,179.01,0.03
25.47,0.75,2.45,0.00,179.01,0.03
25.53,0.75,2.22,0.00,179.00,0.03
25.59,0.75,1.99,0.00,179.00,0.03
25.65,0.75,1.76,0.00,179.00,0.03
25.71,0.75,1.53,0.00,178.99,0.03
25.77,0.75,1.29,0.00,178.99,0.03
25.83,0.75,1.06,0.00,178.99,0.03
25.88,0.75,0.83,0.00,178.98,0.03
25.94,0.75,0.60,0.00,178.98,0.03
25.99,0.75,0.37,0.00,178.98,0.03
26.05,0.75,0.13,0.00,178.97,0.03
26.10,0.75,-0.10,0.00,178.97,0.03
26.15,0.75,-0.33,0.00,178.97,0.03
26.20,0.75,-0.57,0.00,178.97,0.03
26.25,0.75,-0.80,0.00,178.96,0.03
26.30,0.75,-1.03,0.00,178.96,0.03
26.35,0.75,-1.27,0.00,178.96,0.03
26.40,0.75,-1.50,0.00,178.95,0.03
26.44,0.75,-1.74,0.00,178.95,0.03
26.49,0.75,-1.97,0.00,178.95,0.03
26.53,0.75,-2.21,0.00,178.95,0.03
26.58,0.75,-2.44,0.00,178.94,0.03
26.62,0.75,-2.68,0.00,178.94,0.03
26.66,0.75,-2.91,0.00,178.94,0.03
26.71,0.75,-3.15,0.00,178.93,0.03
26.75,0.75,-3.38,0.00,178.93,0.03
26.79,0.75,-3.62,0.00,178.93,0.03
26.83,0.75,-3.85,0.00,178.93,0.03
26.87,0.75,-4.09,0.00,178.92,0.03
26.91,0.75,-4.33,0.00,178.92,0.03
26.95,0.75,-4.56,0.00,180.89,0.03
26.98,0.75,-4.80,0.00,182.88,0.03
27.02,0.75,-5.04,0.00,184.90,0.03
27.06,0.75,-5.27,0.00,186.87,0.03
27.09,0.75,-5.51,0.00,188.86,0.03
27.13,0.75,-5.75,0.00,190.87,0.03
27.16,0.75,-5.98,0.00,192.84,0.03
27.19,0.75,-6.22,0.00,194.83,0.03
27.22,0.75,-6.46,0.00,196.50,0.03
27.24,0.75,-6.70,0.00,198.18,0.03
27.27,0.75,-6.94,0.00,199.87,0.03
27.29,0.75,-7.19,0.00,201.58,0.03
27.31,0.75,-7.44,0.00,203.31,0.03
27.32,0.75,-7.69,0.00,205.04,0.03
27.34,0.75,-7.94,0.00,206.78,0.03
27.35,0.75,-8.19,0.00,208.54,0.03
27.35,0.75,-8.45,0.00,210.31,0.03
27.35,0.75,-8.70,0.00,212.08,0.03
27.35,0.75,-8.96,0.00,213.87,0.03
27.35,0.75,-9.22,0.01,215.67,0.03
27.34,0.75,-9.48,0.01,217.47,0.03
27.33,0.75,-9.75,0.01,219.29,0.03
27.31,0.75,-10.01,0.01,221.11,0.03
27.29,0.75,-10.27,0.01,222.94,0.03
27.27,0.75,-10.54,0.01,224.77,0.03
27.24,0.75,-10.81,0.01,226.62,0.03
27.20,0.75,-11.07,0.01,228.47,0.03
27.17,0.75,-11.34,0.01,228.45,0.03
27.12,0.75,-11.60,0.01,228.44,0.03
27.07,0.75,-11.87,0.01,228.42,0.03
27.02,0.75,-12.14,0.01,228.41,0.03
26.97,0.75,-12.40,0.01,228.40,0.03
26.91,0.75,-12.67,0.01,228.39,0.03
26.84,0.75,-12.94,0.01,228.38,0.03
26.77,0.75,-13.21,0.01,228.37,0.03
26.70,0.75,-13.47,0.01,228.36,0.03
26.62,0.75,-13.74,0.01,228.35,0.03
26.54,0.75,-14.01,0.01,228.34,0.03
26.46,0.75,-14.28,0.01,228.33,0.03
26.37,0.75,-14.55,0.00,228.32,0.03
26.27,0.75,-14.82,0.00,228.31,0.03
26.18,0.75,-15.09,0.00,230.30,0.03
26.08,0.75,-15.36,0.00,232.29,0.03
25.98,0.75,-15.62,0.00,234.25,0.03
25.88,0.75,-15.89,0.01,236.22,0.03
25.77,0.75,-16.16,0.01,238.20,0.03
25.66,0.75,-16.42,0.01,240.18,0.03
25.54,0.75,-16.69,0.01,242.17,0.03
25.43,0.75,-16.95,0.01,244.13,0.03
25.31,0.75,-17.21,0.01,246.10,0.03
25.19,0.75,-17.46,0.01,248.07,0.03
25.06,0.75,-17.72,0.01,250.04,0.03
24.93,0.75,-17.98,0.01,250.02,0.03
24.80,0.75,-18.23,0.01,250.01,0.03
24.66,0.75,-18.48,0.01,249.99,0.03
24.52,0.75,-18.73,0.01,249.98,0.03
24.38,0.75,-18.98,0.01,249.96,0.03
24.23,0.75,-19.22,0.01,249.95,0.03
24.08,0.75,-19.47,0.01,249.93,0.03
23.93,0.75,-19.71,0.01,251.92,0.03
23.77,0.75,-19.95,0.01,253.91,0.03
23.61,0.75,-20.18,0.01,255.86,0.03
23.45,0.75,-20.42,0.01,257.82,0.03
23.28,0.75,-20.65,0.01,259.79,0.03
23.12,0.75,-20.88,0.01,261.76,0.04
22.94,0.75,-21.11,0.01,263.73,0.04
22.76,0.75,-21.34,0.01,265.70,0.04
22.58,0.75,-21.56,0.01,267.68,0.04
22.40,0.75,-21.78,0.01,269.65,0.04
22.21,0.75,-21.99,0.01,271.63,0.04
22.01,0.75,-22.21,0.01,273.61,0.04
21.82,0.75,-22.42,0.01,275.56,0.04
21.63,0.75,-22.62,0.01,277.50,0.04
21.43,0.75,-22.82,0.01,279.44,0.05
21.23,0.75,-23.02,0.01,281.39,0.05
21.02,0.75,-23.21,0.01,283.33,0.05
20.81,0.75,-23.40,0.01,285.26,0.05
20.60,0.75,-23.58,0.01,287.20,0.05
20.38,0.75,-23.76,0.01,289.13,0.06
20.16,0.75,-23.94,0.01,291.06,0.06
19.94,0.75,-24.10,0.01,292.98,0.06
19.71,0.75,-24.27,0.01,294.90,0.06
19.49,0.75,-24.42,0.01,296.82,0.06
19.26,0.75,-24.58,0.02,296.81,0.07
19.02,0.75,-24.72,0.02,296.80,0.06
18.79,0.75,-24.86,0.02,296.78,0.06
18.55,0.75,-25.00,0.02,296.77,0.06
18.31,0.75,-25.13,0.02,296.76,0.05
18.06,0.75,-25.25,0.02,296.74,0.05
17.82,0.75,-25.37,0.01,296.71,0.05
17.57,0.75,-25.48,0.01,296.69,0.04
17.32,0.75,-25.59,0.01,296.67,0.04
17.07,0.75,-25.69,0.01,296.65,0.04
16.82,0.75,-25.79,0.01,296.63,0.04
16.56,0.75,-25.88,0.01,296.60,0.04
16.31,0.75,-25.97,0.01,296.58,0.04
16.05,0.75,-26.06,0.01,296.57,0.04
15.79,0.75,-26.14,0.01,296.55,0.04
15.52,0.75,-26.21,0.01,296.53,0.03
15.26,0.75,-26.28,0.01,296.51,0.03
14.99,0.75,-26.35,0.01,296.50,0.03
14.72,0.75,-26.41,0.01,296.49,0.03
14.45,0.75,-26.47,0.01,296.47,0.03
14.18,0.75,-26.52,0.01,296.46,0.03
13.91,0.75,-26.57,0.01,296.45,0.03
13.63,0.75,-26.62,0.01,296.43,0.03
13.35,0.75,-26.66,0.01,296.42,0.03
13.07,0.75,-26.70,0.01,296.41,0.03
12.79,0.75,-26.73,0.01,296.40,0.03
12.51,0.75,-26.76,0.01,296.39,0.03
12.22,0.75,-26.79,0.01,296.38,0.03
11.94,0.75,-26.81,0.01,296.38,0.03
11.65,0.75,-26.83,0.00,296.37,0.03
11.37,0.75,-26.85,0.00,296.36,0.03
11.08,0.75,-26.87,0.00,296.35,0.03
10.79,0.75,-26.88,0.00,296.35,0.03
10.50,0.75,-26.89,0.00,296.34,0.03
10.22,0.75,-26.90,0.00,296.33,0.03
9.93,0.75,-26.90,0.00,296.32,0.03
9.65,0.75,-26.91,0.00,296.32,0.03
9.36,0.75,-26.91,0.00,296.31,0.03
9.07,0.75,-26.91,0.00,296.31,0.03
8.79,0.75,-26.90,0.00,296.30,0.03
8.50,0.75,-26.90,0.00,296.29,0.03
8.22,0.75,-26.89,0.00,296.29,0.03
7.93,0.75,-26.88,0.00,296.28,0.03
7.64,0.75,-26.87,0.00,296.28,0.03
7.35,0.75,-26.85,0.00,296.27,0.03
7.07,0.75,-26.84,0.00,296.27,0.03
6.79,0.75,-26.82,0.00,296.26,0.03
6.50,0.75,-26.80,0.00,296.26,0.03
6.21,0.75,-26.78,0.00,296.25,0.03
5.93,0.75,-26.76,0.00,296.25,0.03
5.64,0.75,-26.73,0.00,296.24,0.03
5.36,0.75,-26.70,0.00,296.24,0.03
5.07,0.75,-26.68,0.00,296.23,0.03
4.79,0.75,-26.65,0.00,296.23,0.03
4.50,0.75,-26.61,0.00,296.23,0.03
4.22,0.75,-26.58,0.00,296.22,0.03
3.93,0.75,-26.55,0.00,296.22,0.03
3.65,0.75,-26.51,0.00,296.21,0.03
3.37,0.75,-26.47,0.00,296.21,0.03
3.08,0.75,-26.43,0.00,296.21,0.03
2.80,0.75,-26.39,0.00,296.20,0.03
2.51,0.75,-26.35,0.00,296.20,0.03
2.23,0.75,-26.30,0.00,296.19,0.03
1.95,0.75,-26.26,0.00,296.19,0.03
1.66,0.75,-26.21,0.00,296.19,0.03
1.37,0.75,-26.16,0.00,296.18,0.03
1.08,0.75,-26.10,0.00,296.18,0.03
0.79,0.75,-26.05,0.00,296.18,0.03
0.50,0.75,-25.99,0.00,296.17,0.03
0.20,0.75,-25.93,0.00,296.17,0.03
-0.09,0.75,-25.87,0.00,296.16,0.03
-0.39,0.75,-25.81,0.00,296.16,0.03
-0.69,0.75,-25.74,0.00,296.16,0.03
-0.99,0.75,-25.67,0.00,296.15,0.03
-1.30,0.75,-25.60,0.00,296.15,0.03
-1.60,0.75,-25.53,0.00,296.15,0.03
-1.91,0.75,-25.45,0.00,296.14,0.03
-2.22,0.75,-25.38,0.00,296.14,0.03
-2.53,0.75,-25.30,0.00,296.14,0.03
-2.85,0.75,-25.22,0.00,296.14,0.03
-3.16,0.75,-25.14,0.00,296.13,0.03
-3.48,0.75,-25.05,0.00,296.13,0.03
-3.80,0.75,-24.97,0.00,296.13,0.03
-4.12,0.75,-24.88,0.00,296.12,0.03
-4.44,0.75,-24.79,0.00,296.12,0.03
-4.77,0.75,-24.70,0.00,296.12,0.03
-5.10,0.75,-24.60,0.00,298.08,0.03
-5.43,0.75,-24.51,0.00,300.07,0.03
-5.76,0.75,-24.41,0.00,302.06,0.03
-6.09,0.75,-24.31,0.00,304.07,0.03
-6.42,0.75,-24.21,0.00,306.05,0.03
-6.75,0.75,-24.11,0.00,308.04,0.03
-7.08,0.75,-24.01,0.00,310.04,0.03
-7.41,0.75,-23.91,0.00,312.02,0.03
-7.73,0.75,-23.80,0.00,314.00,0.03
-8.06,0.75,-23.69,0.00,316.00,0.03
-8.39,0.75,-23.59,0.00,317.97,0.03
-8.71,0.75,-23.48,0.00,319.95,0.03
-9.04,0.75,-23.36,0.00,321.94,0.03
-9.36,0.75,-23.24,0.01,321.93,0.03
-9.68,0.75,-23.13,0.01,321.92,0.03
-10.00,0.75,-23.01,0.01,321.91,0.03
-10.32,0.75,-22.88,0.01,321.90,0.03
-10.65,0.75,-22.75,0.00,323.89,0.03
-10.96,0.75,-22.63,0.00,325.86,0.03
-11.28,0.75,-22.49,0.01,327.83,0.03
-11.59,0.75,-22.36,0.01,329.81,0.03
-11.91,0.75,-22.22,0.01,331.80,0.03
-12.23,0.75,-22.08,0.01,333.45,0.03
-12.54,0.75,-21.93,0.01,335.12,0.03
-12.85,0.75,-21.78,0.01,336.78,0.03
-13.17,0.75,-21.62,0.01,338.45,0.03
-13.48,0.75,-21.46,0.01,340.12,0.03
-13.79,0.75,-21.30,0.01,341.80,0.03
-14.09,0.75,-21.13,0.01,343.48,0.03
-14.40,0.75,-20.95,0.01,345.16,0.04
-14.70,0.75,-20.77,0.01,346.84,0.04
-15.00,0.75,-20.59,0.01,348.52,0.04
-15.30,0.75,-20.40,0.01,350.21,0.04
-15.60,0.75,-20.21,0.01,351.89,0.04
-15.90,0.75,-20.01,0.01,353.58,0.04
-16.19,0.75,-19.81,0.01,355.27,0.04
-16.47,0.75,-19.61,0.01,356.95,0.04
-16.76,0.75,-19.40,0.01,358.64,0.04
-17.04,0.75,-19.18,0.01,0.32,0.04
-17.32,0.75,-18.96,0.01,2.01,0.04
-17.59,0.75,-18.74,0.01,3.69,0.05
-17.86,0.75,-18.51,0.01,5.37,0.05
-18.13,0.75,-18.28,0.01,7.06,0.05
-18.39,0.75,-18.05,0.01,7.04,0.05
-18.65,0.75,-17.81,0.01,7.01,0.05
-18.91,0.75,-17.57,0.01,6.99,0.05
-19.15,0.75,-17.32,0.01,6.97,0.05
-19.40,0.75,-17.07,0.01,6.95,0.04
-19.64,0.75,-16.81,0.01,6.92,0.04
-19.88,0.75,-16.56,0.01,6.90,0.04
-20.11,0.75,-16.29,0.01,6.88,0.04
-20.34,0.75,-16.03,0.01,6.86,0.04
-20.57,0.75,-15.76,0.01,6.84,0.04
-20.79,0.75,-15.49,0.01,6.82,0.04
-21.01,0.75,-15.21,0.01,6.80,0.04
-21.22,0.75,-14.93,0.01,6.78,0.04
-21.43,0.75,-14.65,0.01,6.76,0.04
-21.64,0.75,-14.37,0.01,6.74,0.03
-21.84,0.75,-14.08,0.01,6.73,0.03
-22.04,0.75,-13.78,0.01,6.71,0.03
-22.24,0.75,-13.49,0.01,6.70,0.03
-22.43,0.75,-13.19,0.01,6.68,0.03
-22.62,0.75,-12.89,0.01,6.67,0.03
-22.81,0.75,-12.58,0.01,8.38,0.03
-22.99,0.75,-12.28,0.01,10.09,0.03
-23.17,0.75,-11.96,0.01,11.81,0.03
-23.35,0.75,-11.65,0.01,13.53,0.03
-23.52,0.75,-11.33,0.01,15.26,0.03
-23.69,0.75,-11.01,0.01,16.98,0.04
-23.85,0.75,-10.69,0.01,18.71,0.04
-24.01,0.75,-10.37,0.01,18.69,0.04
-24.17,0.75,-10.04,0.01,18.68,0.04
-24.32,0.75,-9.71,0.01,18.66,0.04
-24.47,0.75,-9.38,0.01,18.64,0.03
-24.61,0.75,-9.04,0.01,18.63,0.03
-24.75,0.75,-8.70,0.01,18.61,0.03
-24.89,0.75,-8.36,0.01,18.59,0.03
-25.02,0.75,-8.02,0.01,20.35,0.03
-25.15,0.75,-7.67,0.01,22.11,0.03
-25.27,0.75,-7.33,0.01,23.87,0.03
-25.39,0.75,-6.98,0.01,25.64,0.03
-25.51,0.75,-6.63,0.01,27.40,0.04
-25.62,0.75,-6.27,0.01,29.17,0.04
-25.72,0.75,-5.92,0.01,30.94,0.04
-25.82,0.75,-5.56,0.01,32.71,0.04
-25.92,0.75,-5.20,0.01,34.48,0.04
-26.01,0.75,-4.84,0.01,36.26,0.04
-26.10,0.75,-4.48,0.01,38.03,0.04
-26.18,0.75,-4.12,0.01,39.80,0.04
-26.25,0.75,-3.75,0.01,41.57,0.04
-26.32,0.75,-3.39,0.01,43.34,0.04
-26.39,0.75,-3.02,0.01,43.32,0.05
-26.45,0.75,-2.66,0.01,43.30,0.04
-26.50,0.75,-2.29,0.01,43.27,0.04
-26.55,0.75,-1.92,0.01,43.25,0.04
-26.59,0.75,-1.55,0.01,43.23,0.04
-26.63,0.75,-1.19,0.01,43.20,0.04
-26.66,0.75,-0.82,0.01,43.18,0.04
-26.68,0.75,-0.45,0.01,43.16,0.04
-26.70,0.75,-0.08,0.01,43.14,0.04
-26.72,0.75,0.29,0.01,43.12,0.04
-26.73,0.75,0.67,0.01,43.10,0.04
-26.74,0.75,1.04,0.01,43.08,0.04
-26.74,0.75,1.41,0.01,43.07,0.03
-26.73,0.75,1.78,0.01,43.05,0.03
-26.72,0.75,2.16,0.01,43.03,0.03
-26.71,0.75,2.53,0.01,43.02,0.03
-26.69,0.75,2.90,0.01,43.00,0.03
-26.67,0.75,3.28,0.01,42.99,0.03
-26.64,0.75,3.65,0.01,42.97,0.03
-26.61,0.75,4.03,0.01,42.96,0.03
-26.58,0.75,4.41,0.01,44.77,0.03
-26.53,0.75,4.79,0.01,46.29,0.03
-26.49,0.75,5.16,0.01,47.80,0.03
-26.44,0.75,5.54,0.01,49.32,0.03
-26.39,0.75,5.92,0.01,50.84,0.03
-26.33,0.75,6.30,0.01,52.36,0.03
-26.26,0.75,6.68,0.01,53.89,0.03
-26.19,0.75,7.05,0.01,55.42,0.04
-26.12,0.75,7.43,0.01,55.40,0.04
-26.04,0.75,7.81,0.01,55.38,0.04
-25.96,0.75,8.19,0.01,55.36,0.03
-25.87,0.75,8.56,0.01,55.35,0.03
-25.78,0.75,8.94,0.01,55.33,0.03
-25.68,0.75,9.31,0.01,55.31,0.03
-25.58,0.75,9.69,0.01,55.30,0.03
-25.47,0.75,10.06,0.01,55.29,0.03
-25.36,0.75,10.44,0.01,55.27,0.03
-25.24,0.75,10.81,0.01,55.26,0.03
-25.12,0.75,11.18,0.01,55.25,0.03
-25.00,0.75,11.56,0.01,56.81,0.03
-24.87,0.75,11.93,0.01,58.39,0.03
-24.74,0.75,12.30,0.01,59.96,0.03
-24.60,0.75,12.67,0.01,61.54,0.03
-24.46,0.75,13.04,0.01,63.12,0.03
-24.31,0.75,13.41,0.01,64.71,0.03
-24.16,0.75,13.78,0.01,66.29,0.03
-24.00,0.75,14.15,0.01,67.88,0.04
-23.84,0.75,14.51,0.01,69.47,0.04
-23.67,0.75,14.88,0.01,71.06,0.04
-23.50,0.75,15.24,0.01,72.65,0.04
-23.33,0.75,15.60,0.01,74.24,0.04
-23.15,0.75,15.96,0.01,75.83,0.04
-22.96,0.75,16.32,0.01,77.43,0.04
-22.77,0.75,16.67,0.01,79.02,0.04
-22.58,0.75,17.02,0.01,80.61,0.04
-22.38,0.75,17.37,0.01,82.21,0.04
-22.18,0.75,17.72,0.01,82.18,0.04
-21.97,0.75,18.06,0.01,82.16,0.04
-21.76,0.75,18.40,0.01,82.14,0.04
-21.54,0.75,18.74,0.01,82.12,0.04
-21.32,0.75,19.07,0.01,83.71,0.04
-21.09,0.75,19.40,0.01,85.30,0.04
-20.86,0.75,19.73,0.01,86.89,0.04
-20.62,0.75,20.06,0.01,88.48,0.04
-20.38,0.75,20.38,0.01,90.07,0.04
-20.14,0.75,20.69,0.01,91.66,0.04
-19.89,0.75,21.01,0.01,93.25,0.05
-19.64,0.75,21.32,0.01,94.83,0.05
-19.38,0.75,21.63,0.01,96.42,0.05
-19.12,0.75,21.93,0.01,98.01,0.05
-18.86,0.75,22.23,0.01,99.59,0.05
-18.59,0.75,22.52,0.01,101.17,0.06
-18.31,0.75,22.81,0.01,102.75,0.06
-18.04,0.75,23.09,0.01,104.33,0.06
-17.76,0.75,23.37,0.01,105.91,0.06
-17.47,0.75,23.64,0.02,107.49,0.07
-17.19,0.75,23.91,0.02,109.06,0.07
-16.90,0.75,24.18,0.01,110.95,0.07
-16.60,0.75,24.43,0.02,112.82,0.08
-16.31,0.75,24.69,0.02,114.69,0.08
-16.01,0.75,24.94,0.02,116.55,0.08
-15.71,0.75,25.18,0.02,118.39,0.09
-15.41,0.75,25.41,0.02,120.21,0.10
-15.11,0.75,25.65,0.02,122.02,0.10
-14.81,0.75,25.87,0.02,121.98,0.11
-14.51,0.75,26.09,0.02,121.94,0.11
-14.20,0.75,26.30,0.02,121.89,0.10
-13.90,0.75,26.51,0.02,121.85,0.10
-13.59,0.75,26.71,0.02,121.80,0.09
-13.28,0.75,26.91,0.02,121.75,0.09
-12.97,0.75,27.10,0.02,121.70,0.08
-12.67,0.75,27.29,0.02,121.65,0.08
-12.36,0.75,27.47,0.02,121.60,0.08
-12.04,0.75,27.64,0.02,121.55,0.07
-11.73,0.75,27.81,0.02,121.51,0.07
-11.42,0.75,27.97,0.02,121.48,0.06
-11.11,0.75,28.13,0.02,121.44,0.06
-10.79,0.75,28.29,0.02,121.42,0.06
-10.48,0.75,28.43,0.02,121.39,0.06
-10.16,0.75,28.58,0.02,121.37,0.05
-9.85,0.75,28.72,0.02,121.34,0.05
-9.53,0.75,28.85,0.02,121.32,0.05
-9.21,0.75,28.98,0.01,121.30,0.05
-8.90,0.75,29.10,0.01,121.28,0.05
-8.58,0.75,29.22,0.01,121.25,0.04
-8.26,0.75,29.34,0.01,121.23,0.04
-7.94,0.75,29.45,0.01,121.21,0.04
-7.62,0.75,29.56,0.01,121.18,0.04
-7.30,0.75,29.66,0.01,121.16,0.04
-6.98,0.75,29.75,0.01,121.14,0.04
-6.66,0.75,29.85,0.01,121.12,0.04
-6.34,0.75,29.94,0.01,121.10,0.04
-6.02,0.75,30.02,0.01,121.08,0.04
-5.70,0.75,30.10,0.01,121.06,0.04
-5.37,0.75,30.18,0.01,121.04,0.04
-5.05,0.75,30.25,0.01,121.02,0.04
-4.73,0.75,30.32,0.01,121.00,0.03
-4.40,0.75,30.39,0.01,120.99,0.03
-4.08,0.75,30.45,0.01,120.97,0.03
-3.76,0.75,30.50,0.01,120.96,0.03
-3.43,0.75,30.56,0.01,120.94,0.03
-3.11,0.75,30.61,0.01,120.93,0.03
-2.78,0.75,30.65,0.01,120.91,0.03
-2.46,0.75,30.70,0.01,120.90,0.03
-2.13,0.75,30.74,0.01,120.89,0.03
-1.81,0.75,30.77,0.01,120.87,0.03
-1.48,0.75,30.80,0.01,120.86,0.03
